block,street name,storey,floor area (sqm),flat model,lease commence year,remaining lease (yr),resale price ($),resale registration date,rank town,flat type
38,TEBAN GDNS RD,01 TO 03,67,Improved,1966,47.75,235000,2018-01,0.0901673,3 ROOM
411,PANDAN GDNS,04 TO 06,73,Improved,1979,60.33,250000,2018-01,0.0901673,3 ROOM
416,PANDAN GDNS,04 TO 06,74,Improved,1982,63.25,266000,2018-01,0.0901673,3 ROOM
110,JURONG EAST ST 13,07 TO 09,68,New Generation,1982,63.17,278000,2018-01,0.0901673,3 ROOM
330,JURONG EAST AVE 1,01 TO 03,74,Model A,1983,64.33,285000,2018-01,0.0901673,3 ROOM
241,JURONG EAST ST 24,10 TO 12,68,New Generation,1983,64.17,295000,2018-01,0.0901673,3 ROOM
211,JURONG EAST ST 21,10 TO 12,67,New Generation,1983,64.25,300000,2018-01,0.0901673,3 ROOM
306,JURONG EAST ST 32,01 TO 03,68,New Generation,1983,64.58,250000,2018-02,0.0901673,3 ROOM
306,JURONG EAST ST 32,04 TO 06,68,New Generation,1983,64.58,250000,2018-02,0.0901673,3 ROOM
211,JURONG EAST ST 21,07 TO 09,67,New Generation,1983,64.17,270000,2018-02,0.0901673,3 ROOM
244,JURONG EAST ST 24,10 TO 12,68,New Generation,1983,64.17,275000,2018-02,0.0901673,3 ROOM
308,JURONG EAST ST 32,07 TO 09,74,Model A,1984,65.08,280000,2018-02,0.0901673,3 ROOM
304,JURONG EAST ST 32,04 TO 06,67,New Generation,1983,64.67,285000,2018-02,0.0901673,3 ROOM
315,JURONG EAST ST 32,07 TO 09,74,Model A,1984,65.33,298000,2018-02,0.0901673,3 ROOM
244,JURONG EAST ST 24,10 TO 12,67,New Generation,1983,64.17,300000,2018-02,0.0901673,3 ROOM
110,JURONG EAST ST 13,04 TO 06,68,New Generation,1982,63.17,309000,2018-02,0.0901673,3 ROOM
372,JURONG EAST ST 32,13 TO 15,64,Model A,2014,95,330000,2018-02,0.0901673,3 ROOM
20,TEBAN GDNS RD,28 TO 30,72,Model A,2013,94.58,358000,2018-02,0.0901673,3 ROOM
23,TEBAN GDNS RD,40 TO 42,72,Model A,2013,94.58,450000,2018-02,0.0901673,3 ROOM
47,TEBAN GDNS RD,01 TO 03,68,New Generation,1985,66.42,230000,2018-03,0.0901673,3 ROOM
34,TEBAN GDNS RD,01 TO 03,77,Improved,1977,58.33,246000,2018-03,0.0901673,3 ROOM
262,JURONG EAST ST 24,01 TO 03,68,New Generation,1983,63.92,260000,2018-03,0.0901673,3 ROOM
257,JURONG EAST ST 24,04 TO 06,67,New Generation,1983,63.83,265000,2018-03,0.0901673,3 ROOM
211,JURONG EAST ST 21,01 TO 03,67,New Generation,1983,64.08,272000,2018-03,0.0901673,3 ROOM
231,JURONG EAST ST 21,04 TO 06,67,New Generation,1981,62.25,279000,2018-03,0.0901673,3 ROOM
232,JURONG EAST ST 21,04 TO 06,67,New Generation,1982,62.92,283000,2018-03,0.0901673,3 ROOM
244,JURONG EAST ST 24,10 TO 12,71,New Generation,1983,64.08,283000,2018-03,0.0901673,3 ROOM
102,JURONG EAST ST 13,01 TO 03,68,New Generation,1982,63.17,290000,2018-03,0.0901673,3 ROOM
210,JURONG EAST ST 21,04 TO 06,67,New Generation,1983,64.25,290000,2018-03,0.0901673,3 ROOM
318,JURONG EAST ST 31,01 TO 03,74,Model A,1984,65.25,290000,2018-03,0.0901673,3 ROOM
214,JURONG EAST ST 21,07 TO 09,67,New Generation,1983,64,299000,2018-03,0.0901673,3 ROOM
302,JURONG EAST ST 32,01 TO 03,68,New Generation,1983,64.75,265000,2018-04,0.0901673,3 ROOM
264,JURONG EAST ST 24,07 TO 09,68,New Generation,1983,64.08,270000,2018-04,0.0901673,3 ROOM
330,JURONG EAST AVE 1,04 TO 06,74,Model A,1983,64.17,280000,2018-04,0.0901673,3 ROOM
302,JURONG EAST ST 32,04 TO 06,68,New Generation,1983,64.67,288888,2018-04,0.0901673,3 ROOM
110,JURONG EAST ST 13,04 TO 06,68,New Generation,1982,62.92,291000,2018-04,0.0901673,3 ROOM
231,JURONG EAST ST 21,10 TO 12,67,New Generation,1981,62.17,303000,2018-04,0.0901673,3 ROOM
250,JURONG EAST ST 24,10 TO 12,67,New Generation,1986,67.17,315000,2018-04,0.0901673,3 ROOM
252,JURONG EAST ST 24,04 TO 06,70,New Generation,1985,66.17,325000,2018-04,0.0901673,3 ROOM
214,JURONG EAST ST 21,01 TO 03,82,New Generation,1983,63.92,330000,2018-04,0.0901673,3 ROOM
20,TEBAN GDNS RD,25 TO 27,72,Model A,2013,94.42,338000,2018-04,0.0901673,3 ROOM
102,JURONG EAST ST 13,10 TO 12,68,New Generation,1982,63.17,363000,2018-04,0.0901673,3 ROOM
40,TEBAN GDNS RD,01 TO 03,74,Improved,1978,59,240000,2018-05,0.0901673,3 ROOM
261,JURONG EAST ST 24,01 TO 03,68,New Generation,1983,63.92,260000,2018-05,0.0901673,3 ROOM
304,JURONG EAST ST 32,04 TO 06,67,New Generation,1983,64.33,260000,2018-05,0.0901673,3 ROOM
410,PANDAN GDNS,10 TO 12,73,Improved,1979,60.08,268000,2018-05,0.0901673,3 ROOM
341,JURONG EAST AVE 1,04 TO 06,74,Model A,1983,64.08,270000,2018-05,0.0901673,3 ROOM
264,JURONG EAST ST 24,04 TO 06,68,New Generation,1983,63.92,270000,2018-05,0.0901673,3 ROOM
34,TEBAN GDNS RD,07 TO 09,74,Improved,1977,58.17,272000,2018-05,0.0901673,3 ROOM
110,JURONG EAST ST 13,07 TO 09,68,New Generation,1982,62.92,275000,2018-05,0.0901673,3 ROOM
301,JURONG EAST ST 32,10 TO 12,68,New Generation,1983,63.92,280000,2018-05,0.0901673,3 ROOM
330,JURONG EAST AVE 1,04 TO 06,74,Model A,1983,64.08,285000,2018-05,0.0901673,3 ROOM
243,JURONG EAST ST 24,10 TO 12,67,New Generation,1983,63.75,285000,2018-05,0.0901673,3 ROOM
225A,JURONG EAST ST 21,04 TO 06,67,New Generation,1984,65.58,290000,2018-05,0.0901673,3 ROOM
229,JURONG EAST ST 21,04 TO 06,67,New Generation,1981,62.17,290000,2018-05,0.0901673,3 ROOM
313,JURONG EAST ST 32,10 TO 12,74,Model A,1984,65,303000,2018-05,0.0901673,3 ROOM
115,JURONG EAST ST 13,10 TO 12,67,New Generation,1981,62,304000,2018-05,0.0901673,3 ROOM
410,PANDAN GDNS,04 TO 06,86,Improved,1979,60.08,310000,2018-05,0.0901673,3 ROOM
206,JURONG EAST ST 21,07 TO 09,67,New Generation,1982,63.5,315000,2018-05,0.0901673,3 ROOM
37,TEBAN GDNS RD,01 TO 03,67,Improved,1966,47.33,226000,2018-06,0.0901673,3 ROOM
416,PANDAN GDNS,04 TO 06,74,Improved,1982,62.83,228000,2018-06,0.0901673,3 ROOM
54,TEBAN GDNS RD,01 TO 03,64,Simplified,1986,67.25,240000,2018-06,0.0901673,3 ROOM
40,TEBAN GDNS RD,04 TO 06,74,Improved,1978,58.92,252000,2018-06,0.0901673,3 ROOM
261,JURONG EAST ST 24,04 TO 06,68,New Generation,1983,63.75,255000,2018-06,0.0901673,3 ROOM
410,PANDAN GDNS,10 TO 12,73,Improved,1979,60,260000,2018-06,0.0901673,3 ROOM
217A,JURONG EAST ST 21,01 TO 03,67,New Generation,1984,65.08,264500,2018-06,0.0901673,3 ROOM
253,JURONG EAST ST 24,04 TO 06,70,New Generation,1985,66.17,265000,2018-06,0.0901673,3 ROOM
243,JURONG EAST ST 24,04 TO 06,67,New Generation,1983,63.67,268000,2018-06,0.0901673,3 ROOM
252,JURONG EAST ST 24,04 TO 06,67,New Generation,1985,66.08,270000,2018-06,0.0901673,3 ROOM
36,TEBAN GDNS RD,07 TO 09,77,Improved,1977,58.08,275000,2018-06,0.0901673,3 ROOM
210,JURONG EAST ST 21,04 TO 06,67,New Generation,1983,64.08,280000,2018-06,0.0901673,3 ROOM
248,JURONG EAST ST 24,04 TO 06,67,New Generation,1983,63.83,280000,2018-06,0.0901673,3 ROOM
321,JURONG EAST ST 31,07 TO 09,74,Model A,1984,65.42,283000,2018-06,0.0901673,3 ROOM
211,JURONG EAST ST 21,04 TO 06,67,New Generation,1983,63.92,285000,2018-06,0.0901673,3 ROOM
231,JURONG EAST ST 21,07 TO 09,67,New Generation,1981,62.08,285000,2018-06,0.0901673,3 ROOM
243,JURONG EAST ST 24,10 TO 12,67,New Generation,1983,63.75,285000,2018-06,0.0901673,3 ROOM
249,JURONG EAST ST 24,04 TO 06,67,New Generation,1983,63.67,286000,2018-06,0.0901673,3 ROOM
371,JURONG EAST ST 32,01 TO 03,64,Model A,2014,94.67,292000,2018-06,0.0901673,3 ROOM
101,JURONG EAST ST 13,07 TO 09,68,New Generation,1983,63.83,295000,2018-06,0.0901673,3 ROOM
101,JURONG EAST ST 13,04 TO 06,68,New Generation,1983,63.83,310000,2018-06,0.0901673,3 ROOM
301,JURONG EAST ST 32,10 TO 12,67,New Generation,1983,63.92,320000,2018-06,0.0901673,3 ROOM
102,JURONG EAST ST 13,07 TO 09,68,New Generation,1982,63,330000,2018-06,0.0901673,3 ROOM
101,JURONG EAST ST 13,10 TO 12,68,New Generation,1983,63.83,340000,2018-06,0.0901673,3 ROOM
304,JURONG EAST ST 32,07 TO 09,82,New Generation,1983,64.25,345000,2018-06,0.0901673,3 ROOM
371,JURONG EAST ST 32,07 TO 09,64,Model A,2014,94.67,348888,2018-06,0.0901673,3 ROOM
306,JURONG EAST ST 32,01 TO 03,89,New Generation,1983,64.25,350000,2018-06,0.0901673,3 ROOM
411,PANDAN GDNS,07 TO 09,72,Improved,1979,59.92,206000,2018-07,0.0901673,3 ROOM
44,TEBAN GDNS RD,04 TO 06,68,New Generation,1985,66.5,240000,2018-07,0.0901673,3 ROOM
211,JURONG EAST ST 21,01 TO 03,67,New Generation,1983,63.75,248000,2018-07,0.0901673,3 ROOM
252,JURONG EAST ST 24,01 TO 03,67,New Generation,1985,65.92,258000,2018-07,0.0901673,3 ROOM
416,PANDAN GDNS,04 TO 06,74,Improved,1982,62.75,268888,2018-07,0.0901673,3 ROOM
214,JURONG EAST ST 21,10 TO 12,67,New Generation,1983,63.67,270000,2018-07,0.0901673,3 ROOM
250,JURONG EAST ST 24,07 TO 09,67,New Generation,1986,66.92,282000,2018-07,0.0901673,3 ROOM
301,JURONG EAST ST 32,10 TO 12,68,New Generation,1983,63.83,282000,2018-07,0.0901673,3 ROOM
23,TEBAN GDNS RD,10 TO 12,72,Model A,2013,94.25,300000,2018-07,0.0901673,3 ROOM
250,JURONG EAST ST 24,04 TO 06,67,New Generation,1986,66.92,305000,2018-07,0.0901673,3 ROOM
23,TEBAN GDNS RD,10 TO 12,72,Model A,2013,94.25,315000,2018-07,0.0901673,3 ROOM
241,JURONG EAST ST 24,07 TO 09,84,New Generation,1983,63.58,318000,2018-07,0.0901673,3 ROOM
371,JURONG EAST ST 32,13 TO 15,64,Model A,2014,94.67,338000,2018-07,0.0901673,3 ROOM
104,JURONG EAST ST 13,01 TO 03,68,New Generation,1982,63.25,345000,2018-07,0.0901673,3 ROOM
306,JURONG EAST ST 32,07 TO 09,82,New Generation,1983,64.25,370000,2018-07,0.0901673,3 ROOM
23,TEBAN GDNS RD,34 TO 36,72,Model A,2013,94.17,415000,2018-07,0.0901673,3 ROOM
48,TEBAN GDNS RD,10 TO 12,68,New Generation,1985,66.25,230000,2018-08,0.0901673,3 ROOM
225A,JURONG EAST ST 21,01 TO 03,67,New Generation,1984,65.33,240000,2018-08,0.0901673,3 ROOM
257,JURONG EAST ST 24,04 TO 06,68,New Generation,1983,63.42,260000,2018-08,0.0901673,3 ROOM
301,JURONG EAST ST 32,04 TO 06,68,New Generation,1983,63.75,274000,2018-08,0.0901673,3 ROOM
242,JURONG EAST ST 24,04 TO 06,67,New Generation,1982,63,275000,2018-08,0.0901673,3 ROOM
257,JURONG EAST ST 24,07 TO 09,67,New Generation,1983,63.42,276000,2018-08,0.0901673,3 ROOM
250,JURONG EAST ST 24,07 TO 09,67,New Generation,1986,66.83,278000,2018-08,0.0901673,3 ROOM
248,JURONG EAST ST 24,07 TO 09,67,New Generation,1983,63.58,285000,2018-08,0.0901673,3 ROOM
244,JURONG EAST ST 24,10 TO 12,82,New Generation,1983,63.75,315000,2018-08,0.0901673,3 ROOM
23,TEBAN GDNS RD,07 TO 09,72,Model A,2013,94.08,318000,2018-08,0.0901673,3 ROOM
37,TEBAN GDNS RD,01 TO 03,67,Improved,1966,47.17,215000,2018-09,0.0901673,3 ROOM
48,TEBAN GDNS RD,10 TO 12,68,New Generation,1985,66.17,243000,2018-09,0.0901673,3 ROOM
33,TEBAN GDNS RD,07 TO 09,74,Improved,1977,57.75,256000,2018-09,0.0901673,3 ROOM
241,JURONG EAST ST 24,10 TO 12,68,New Generation,1983,63.42,265000,2018-09,0.0901673,3 ROOM
244,JURONG EAST ST 24,01 TO 03,71,New Generation,1983,63.58,270000,2018-09,0.0901673,3 ROOM
253,JURONG EAST ST 24,01 TO 03,67,New Generation,1985,65.75,270000,2018-09,0.0901673,3 ROOM
247,JURONG EAST ST 24,07 TO 09,68,New Generation,1983,63.75,278000,2018-09,0.0901673,3 ROOM
110,JURONG EAST ST 13,01 TO 03,68,New Generation,1982,62.5,280000,2018-09,0.0901673,3 ROOM
250,JURONG EAST ST 24,07 TO 09,67,New Generation,1986,66.75,285000,2018-09,0.0901673,3 ROOM
304,JURONG EAST ST 32,10 TO 12,67,New Generation,1983,64.08,298000,2018-09,0.0901673,3 ROOM
264,JURONG EAST ST 24,01 TO 03,84,New Generation,1983,63.58,300000,2018-09,0.0901673,3 ROOM
208,JURONG EAST ST 21,07 TO 09,67,New Generation,1982,63.25,305888,2018-09,0.0901673,3 ROOM
23,TEBAN GDNS RD,13 TO 15,72,Model A,2013,94.08,327000,2018-09,0.0901673,3 ROOM
20,TEBAN GDNS RD,40 TO 42,72,Model A,2013,94,340000,2018-09,0.0901673,3 ROOM
372,JURONG EAST ST 32,13 TO 15,64,Model A,2014,94.42,345000,2018-09,0.0901673,3 ROOM
23,TEBAN GDNS RD,16 TO 18,72,Model A,2013,94,370000,2018-09,0.0901673,3 ROOM
261,JURONG EAST ST 24,01 TO 03,67,New Generation,1983,63.42,220000,2018-10,0.0901673,3 ROOM
249,JURONG EAST ST 24,07 TO 09,67,New Generation,1983,63.33,257000,2018-10,0.0901673,3 ROOM
261,JURONG EAST ST 24,01 TO 03,67,New Generation,1983,63.5,260000,2018-10,0.0901673,3 ROOM
304,JURONG EAST ST 32,04 TO 06,67,New Generation,1983,64,268000,2018-10,0.0901673,3 ROOM
261,JURONG EAST ST 24,13 TO 15,84,New Generation,1983,63.5,288000,2018-10,0.0901673,3 ROOM
302,JURONG EAST ST 32,10 TO 12,68,New Generation,1983,64.25,288000,2018-10,0.0901673,3 ROOM
233,JURONG EAST ST 21,07 TO 09,67,New Generation,1982,62.5,309888,2018-10,0.0901673,3 ROOM
23,TEBAN GDNS RD,07 TO 09,72,Model A,2013,94,315000,2018-10,0.0901673,3 ROOM
371,JURONG EAST ST 32,07 TO 09,64,Model A,2014,94.33,325000,2018-10,0.0901673,3 ROOM
371,JURONG EAST ST 32,13 TO 15,64,Model A,2014,94.33,348000,2018-10,0.0901673,3 ROOM
20,TEBAN GDNS RD,37 TO 39,72,Model A,2013,93.92,360000,2018-10,0.0901673,3 ROOM
410,PANDAN GDNS,10 TO 12,72,Improved,1979,59.5,230000,2018-11,0.0901673,3 ROOM
44,TEBAN GDNS RD,10 TO 12,68,New Generation,1985,66,230000,2018-11,0.0901673,3 ROOM
253,JURONG EAST ST 24,01 TO 03,67,New Generation,1985,65.58,245000,2018-11,0.0901673,3 ROOM
253,JURONG EAST ST 24,04 TO 06,67,New Generation,1985,65.58,245000,2018-11,0.0901673,3 ROOM
241,JURONG EAST ST 24,01 TO 03,68,New Generation,1983,63.33,250000,2018-11,0.0901673,3 ROOM
412,PANDAN GDNS,04 TO 06,73,Improved,1979,59.5,250000,2018-11,0.0901673,3 ROOM
33,TEBAN GDNS RD,13 TO 15,74,Improved,1977,57.67,250000,2018-11,0.0901673,3 ROOM
210,JURONG EAST ST 21,01 TO 03,67,New Generation,1983,63.67,255000,2018-11,0.0901673,3 ROOM
34,TEBAN GDNS RD,04 TO 06,77,Improved,1977,57.58,260000,2018-11,0.0901673,3 ROOM
329,JURONG EAST AVE 1,07 TO 09,74,Model A,1983,63.67,265000,2018-11,0.0901673,3 ROOM
229,JURONG EAST ST 21,04 TO 06,82,New Generation,1981,61.58,270000,2018-11,0.0901673,3 ROOM
248,JURONG EAST ST 24,07 TO 09,67,New Generation,1983,63.33,275000,2018-11,0.0901673,3 ROOM
339,JURONG EAST AVE 1,10 TO 12,74,Model A,1983,63.58,280000,2018-11,0.0901673,3 ROOM
371,JURONG EAST ST 32,01 TO 03,64,Model A,2014,94.25,285000,2018-11,0.0901673,3 ROOM
264,JURONG EAST ST 24,01 TO 03,68,New Generation,1983,63.42,295000,2018-11,0.0901673,3 ROOM
104,JURONG EAST ST 13,04 TO 06,84,New Generation,1982,62.92,340000,2018-12,0.0901673,3 ROOM
229,JURONG EAST ST 21,10 TO 12,82,New Generation,1981,61.58,303888,2018-12,0.0901673,3 ROOM
231,JURONG EAST ST 21,01 TO 03,67,New Generation,1981,61.5,250000,2018-12,0.0901673,3 ROOM
249,JURONG EAST ST 24,04 TO 06,67,New Generation,1983,63.08,285000,2018-12,0.0901673,3 ROOM
253,JURONG EAST ST 24,04 TO 06,67,New Generation,1985,65.5,248000,2018-12,0.0901673,3 ROOM
313,JURONG EAST ST 32,04 TO 06,74,Model A,1984,64.42,290000,2018-12,0.0901673,3 ROOM
372,JURONG EAST ST 32,01 TO 03,64,Model A,2014,94.17,318000,2018-12,0.0901673,3 ROOM
20,TEBAN GDNS RD,01 TO 03,72,Model A,2013,93.83,310000,2018-12,0.0901673,3 ROOM
410,PANDAN GDNS,07 TO 09,72,Improved,1979,59.42,228000,2019-01,0.0901673,3 ROOM
411,PANDAN GDNS,04 TO 06,72,Improved,1979,59.33,232000,2019-01,0.0901673,3 ROOM
313,JURONG EAST ST 32,01 TO 03,74,Model A,1984,64.25,250000,2019-01,0.0901673,3 ROOM
33,TEBAN GDNS RD,10 TO 12,74,Improved,1977,57.42,251000,2019-01,0.0901673,3 ROOM
47,TEBAN GDNS RD,01 TO 03,68,New Generation,1985,65.58,260000,2019-01,0.0901673,3 ROOM
210,JURONG EAST ST 21,07 TO 09,67,New Generation,1983,63.42,270000,2019-01,0.0901673,3 ROOM
313,JURONG EAST ST 32,04 TO 06,74,Model A,1984,64.25,270000,2019-01,0.0901673,3 ROOM
372,JURONG EAST ST 32,07 TO 09,64,Model A,2014,94.17,280000,2019-01,0.0901673,3 ROOM
229,JURONG EAST ST 21,10 TO 12,67,New Generation,1981,61.5,290000,2019-01,0.0901673,3 ROOM
348,JURONG EAST AVE 1,01 TO 03,74,Model A,1986,66.17,296000,2019-01,0.0901673,3 ROOM
371,JURONG EAST ST 32,01 TO 03,64,Model A,2014,94.08,315000,2019-01,0.0901673,3 ROOM
372,JURONG EAST ST 32,07 TO 09,64,Model A,2014,94.08,320000,2019-01,0.0901673,3 ROOM
371,JURONG EAST ST 32,07 TO 09,64,Model A,2014,94.08,335000,2019-01,0.0901673,3 ROOM
306,JURONG EAST ST 32,01 TO 03,68,New Generation,1983,63.58,210000,2019-02,0.0901673,3 ROOM
40,TEBAN GDNS RD,04 TO 06,74,Improved,1978,58.25,225000,2019-02,0.0901673,3 ROOM
36,TEBAN GDNS RD,10 TO 12,74,Improved,1977,57.33,235000,2019-02,0.0901673,3 ROOM
48,TEBAN GDNS RD,10 TO 12,68,New Generation,1985,65.75,235000,2019-02,0.0901673,3 ROOM
410,PANDAN GDNS,10 TO 12,72,Improved,1979,59.25,260000,2019-02,0.0901673,3 ROOM
241,JURONG EAST ST 24,07 TO 09,68,New Generation,1983,63,268000,2019-02,0.0901673,3 ROOM
34,TEBAN GDNS RD,07 TO 09,74,Improved,1977,57.33,285000,2019-02,0.0901673,3 ROOM
244,JURONG EAST ST 24,07 TO 09,71,New Generation,1983,63.25,286000,2019-02,0.0901673,3 ROOM
315,JURONG EAST ST 32,13 TO 15,74,Model A,1984,64.25,300000,2019-02,0.0901673,3 ROOM
229,JURONG EAST ST 21,01 TO 03,67,New Generation,1981,61.25,225000,2019-03,0.0901673,3 ROOM
36,TEBAN GDNS RD,13 TO 15,77,Improved,1977,57.25,250000,2019-03,0.0901673,3 ROOM
247,JURONG EAST ST 24,04 TO 06,68,New Generation,1983,63.33,253000,2019-03,0.0901673,3 ROOM
243,JURONG EAST ST 24,07 TO 09,67,New Generation,1983,62.92,268000,2019-03,0.0901673,3 ROOM
313,JURONG EAST ST 32,07 TO 09,74,Model A,1984,64.08,299000,2019-03,0.0901673,3 ROOM
101,JURONG EAST ST 13,01 TO 03,68,New Generation,1983,63.08,300000,2019-03,0.0901673,3 ROOM
208,JURONG EAST ST 21,07 TO 09,67,New Generation,1982,62.75,300000,2019-03,0.0901673,3 ROOM
20,TEBAN GDNS RD,40 TO 42,72,Model A,2013,93.5,400000,2019-03,0.0901673,3 ROOM
241,JURONG EAST ST 24,10 TO 12,68,New Generation,1983,62.83,240000,2019-04,0.0901673,3 ROOM
249,JURONG EAST ST 24,01 TO 03,67,New Generation,1983,62.83,240000,2019-04,0.0901673,3 ROOM
304,JURONG EAST ST 32,01 TO 03,67,New Generation,1983,63.42,245000,2019-04,0.0901673,3 ROOM
249,JURONG EAST ST 24,04 TO 06,67,New Generation,1983,62.75,248000,2019-04,0.0901673,3 ROOM
302,JURONG EAST ST 32,04 TO 06,68,New Generation,1983,63.67,250000,2019-04,0.0901673,3 ROOM
264,JURONG EAST ST 24,04 TO 06,68,New Generation,1983,63.08,252000,2019-04,0.0901673,3 ROOM
261,JURONG EAST ST 24,01 TO 03,68,New Generation,1983,63,260000,2019-04,0.0901673,3 ROOM
248,JURONG EAST ST 24,10 TO 12,67,New Generation,1983,63,280000,2019-04,0.0901673,3 ROOM
225A,JURONG EAST ST 21,01 TO 03,67,New Generation,1984,64.67,280000,2019-04,0.0901673,3 ROOM
110,JURONG EAST ST 13,07 TO 09,68,New Generation,1982,61.92,280000,2019-04,0.0901673,3 ROOM
101,JURONG EAST ST 13,07 TO 09,68,New Generation,1983,62.92,292000,2019-04,0.0901673,3 ROOM
302,JURONG EAST ST 32,01 TO 03,84,New Generation,1983,63.75,295000,2019-04,0.0901673,3 ROOM
207,JURONG EAST ST 21,01 TO 03,67,New Generation,1983,63.08,300000,2019-04,0.0901673,3 ROOM
321,JURONG EAST ST 31,10 TO 12,74,Model A,1984,64.58,300000,2019-04,0.0901673,3 ROOM
23,TEBAN GDNS RD,10 TO 12,72,Model A,2013,93.42,320000,2019-04,0.0901673,3 ROOM
371,JURONG EAST ST 32,07 TO 09,64,Model A,2014,93.92,338000,2019-04,0.0901673,3 ROOM
235,JURONG EAST ST 21,01 TO 03,68,New Generation,1982,61.83,220000,2019-05,0.0901673,3 ROOM
249,JURONG EAST ST 24,07 TO 09,67,New Generation,1983,62.75,246000,2019-05,0.0901673,3 ROOM
241,JURONG EAST ST 24,07 TO 09,68,New Generation,1983,62.75,248000,2019-05,0.0901673,3 ROOM
48,TEBAN GDNS RD,10 TO 12,68,New Generation,1985,65.5,252000,2019-05,0.0901673,3 ROOM
250,JURONG EAST ST 24,04 TO 06,67,New Generation,1986,66.08,265000,2019-05,0.0901673,3 ROOM
304,JURONG EAST ST 32,10 TO 12,67,New Generation,1983,63.42,270000,2019-05,0.0901673,3 ROOM
110,JURONG EAST ST 13,10 TO 12,68,New Generation,1982,61.83,270000,2019-05,0.0901673,3 ROOM
339,JURONG EAST AVE 1,04 TO 06,74,Model A,1983,63.08,275000,2019-05,0.0901673,3 ROOM
243,JURONG EAST ST 24,10 TO 12,67,New Generation,1983,62.75,285000,2019-05,0.0901673,3 ROOM
208,JURONG EAST ST 21,07 TO 09,67,New Generation,1982,62.67,300000,2019-05,0.0901673,3 ROOM
247,JURONG EAST ST 24,07 TO 09,84,New Generation,1983,63.08,308000,2019-05,0.0901673,3 ROOM
102,JURONG EAST ST 13,04 TO 06,68,New Generation,1982,62.08,320000,2019-05,0.0901673,3 ROOM
20,TEBAN GDNS RD,25 TO 27,72,Model A,2013,93.42,335000,2019-05,0.0901673,3 ROOM
43,TEBAN GDNS RD,07 TO 09,68,New Generation,1985,65.33,210800,2019-06,0.0901673,3 ROOM
231,JURONG EAST ST 21,01 TO 03,67,New Generation,1981,61.58,220000,2019-06,0.0901673,3 ROOM
250,JURONG EAST ST 24,07 TO 09,67,New Generation,1986,66.08,230388,2019-06,0.0901673,3 ROOM
249,JURONG EAST ST 24,07 TO 09,67,New Generation,1983,62.58,245000,2019-06,0.0901673,3 ROOM
252,JURONG EAST ST 24,04 TO 06,67,New Generation,1985,65,250000,2019-06,0.0901673,3 ROOM
231,JURONG EAST ST 21,04 TO 06,67,New Generation,1981,61.08,250000,2019-06,0.0901673,3 ROOM
248,JURONG EAST ST 24,01 TO 03,67,New Generation,1983,62.83,260000,2019-06,0.0901673,3 ROOM
210,JURONG EAST ST 21,04 TO 06,67,New Generation,1983,63,270000,2019-06,0.0901673,3 ROOM
245,JURONG EAST ST 24,04 TO 06,67,New Generation,1982,62.17,277500,2019-06,0.0901673,3 ROOM
308,JURONG EAST ST 32,07 TO 09,75,Model A,1984,63.75,282000,2019-06,0.0901673,3 ROOM
210,JURONG EAST ST 21,07 TO 09,67,New Generation,1983,63.67,285800,2019-06,0.0901673,3 ROOM
203,JURONG EAST ST 21,01 TO 03,67,New Generation,1984,64.17,300000,2019-06,0.0901673,3 ROOM
210,JURONG EAST ST 21,07 TO 09,82,New Generation,1983,63.08,310000,2019-06,0.0901673,3 ROOM
102,JURONG EAST ST 13,10 TO 12,68,New Generation,1982,61.92,320000,2019-06,0.0901673,3 ROOM
23,TEBAN GDNS RD,37 TO 39,72,Model A,2013,93.25,410000,2019-06,0.0901673,3 ROOM
39,TEBAN GDNS RD,01 TO 03,67,Improved,1966,46.25,218000,2019-07,0.0901673,3 ROOM
43,TEBAN GDNS RD,04 TO 06,68,New Generation,1985,65.17,235000,2019-07,0.0901673,3 ROOM
249,JURONG EAST ST 24,01 TO 03,67,New Generation,1983,62.5,235888,2019-07,0.0901673,3 ROOM
241,JURONG EAST ST 24,07 TO 09,68,New Generation,1983,62.58,245000,2019-07,0.0901673,3 ROOM
257,JURONG EAST ST 24,07 TO 09,68,New Generation,1983,62.5,258800,2019-07,0.0901673,3 ROOM
36,TEBAN GDNS RD,10 TO 12,74,Improved,1977,57.67,260000,2019-07,0.0901673,3 ROOM
302,JURONG EAST ST 32,10 TO 12,67,New Generation,1983,63.5,265000,2019-07,0.0901673,3 ROOM
206,JURONG EAST ST 21,07 TO 09,67,New Generation,1982,62.42,270000,2019-07,0.0901673,3 ROOM
301,JURONG EAST ST 32,13 TO 15,67,New Generation,1983,62.75,270000,2019-07,0.0901673,3 ROOM
315,JURONG EAST ST 32,04 TO 06,74,Model A,1984,63.83,275000,2019-07,0.0901673,3 ROOM
214,JURONG EAST ST 21,07 TO 09,67,New Generation,1983,62.67,280000,2019-07,0.0901673,3 ROOM
301,JURONG EAST ST 32,10 TO 12,68,New Generation,1983,62.83,283000,2019-07,0.0901673,3 ROOM
249,JURONG EAST ST 24,04 TO 06,67,New Generation,1983,62.5,286000,2019-07,0.0901673,3 ROOM
101,JURONG EAST ST 13,07 TO 09,68,New Generation,1983,62.67,310000,2019-07,0.0901673,3 ROOM
102,JURONG EAST ST 13,01 TO 03,68,New Generation,1982,61.92,315000,2019-07,0.0901673,3 ROOM
35,TEBAN GDNS RD,04 TO 06,77,Improved,1977,56.83,220000,2019-08,0.0901673,3 ROOM
301,JURONG EAST ST 32,04 TO 06,68,New Generation,1983,62.75,230000,2019-08,0.0901673,3 ROOM
412,PANDAN GDNS,07 TO 09,73,Improved,1979,58.75,232000,2019-08,0.0901673,3 ROOM
249,JURONG EAST ST 24,01 TO 03,67,New Generation,1983,62.42,242000,2019-08,0.0901673,3 ROOM
249,JURONG EAST ST 24,01 TO 03,67,New Generation,1983,62.5,245000,2019-08,0.0901673,3 ROOM
308,JURONG EAST ST 32,04 TO 06,74,Model A,1984,63.67,250000,2019-08,0.0901673,3 ROOM
412,PANDAN GDNS,13 TO 15,86,Improved,1979,58.75,250000,2019-08,0.0901673,3 ROOM
221,JURONG EAST ST 21,04 TO 06,67,New Generation,1984,63.92,255000,2019-08,0.0901673,3 ROOM
313,JURONG EAST ST 32,07 TO 09,74,Model A,1984,63.67,263000,2019-08,0.0901673,3 ROOM
257,JURONG EAST ST 24,04 TO 06,67,New Generation,1983,62.5,265000,2019-08,0.0901673,3 ROOM
329,JURONG EAST AVE 1,07 TO 09,74,Model A,1983,62.83,295000,2019-08,0.0901673,3 ROOM
207,JURONG EAST ST 21,04 TO 06,67,New Generation,1983,62.67,298000,2019-08,0.0901673,3 ROOM
102,JURONG EAST ST 13,10 TO 12,68,New Generation,1982,61.83,320000,2019-08,0.0901673,3 ROOM
303,JURONG EAST ST 32,01 TO 03,84,New Generation,1983,63,320000,2019-08,0.0901673,3 ROOM
301,JURONG EAST ST 32,13 TO 15,84,New Generation,1983,62.67,335000,2019-08,0.0901673,3 ROOM
23,TEBAN GDNS RD,34 TO 36,72,Model A,2013,93.08,355000,2019-08,0.0901673,3 ROOM
39,TEBAN GDNS RD,01 TO 03,67,Improved,1966,46.08,220000,2019-09,0.0901673,3 ROOM
264,JURONG EAST ST 24,04 TO 06,68,New Generation,1983,62.58,238000,2019-09,0.0901673,3 ROOM
253,JURONG EAST ST 24,01 TO 03,67,New Generation,1985,64.75,245000,2019-09,0.0901673,3 ROOM
33,TEBAN GDNS RD,01 TO 03,74,Improved,1977,56.75,245000,2019-09,0.0901673,3 ROOM
253,JURONG EAST ST 24,04 TO 06,67,New Generation,1985,64.75,250000,2019-09,0.0901673,3 ROOM
253,JURONG EAST ST 24,04 TO 06,67,New Generation,1985,64.75,253000,2019-09,0.0901673,3 ROOM
214,JURONG EAST ST 21,04 TO 06,68,New Generation,1983,62.5,265000,2019-09,0.0901673,3 ROOM
210,JURONG EAST ST 21,04 TO 06,67,New Generation,1983,62.83,268000,2019-09,0.0901673,3 ROOM
330,JURONG EAST AVE 1,07 TO 09,74,Model A,1983,62.67,275000,2019-09,0.0901673,3 ROOM
303,JURONG EAST ST 32,04 TO 06,67,New Generation,1983,63,284000,2019-09,0.0901673,3 ROOM
306,JURONG EAST ST 32,10 TO 12,82,New Generation,1983,63,317000,2019-09,0.0901673,3 ROOM
23,TEBAN GDNS RD,16 TO 18,72,Model A,2013,93,325000,2019-09,0.0901673,3 ROOM
371,JURONG EAST ST 32,10 TO 12,64,Model A,2014,93.42,342000,2019-09,0.0901673,3 ROOM
36,TEBAN GDNS RD,04 TO 06,74,Improved,1977,56.67,210000,2019-10,0.0901673,3 ROOM
244,JURONG EAST ST 24,01 TO 03,68,New Generation,1983,62.5,245000,2019-10,0.0901673,3 ROOM
225A,JURONG EAST ST 21,04 TO 06,67,New Generation,1984,64.17,247000,2019-10,0.0901673,3 ROOM
329,JURONG EAST AVE 1,01 TO 03,74,Model A,1983,62.67,250000,2019-10,0.0901673,3 ROOM
264,JURONG EAST ST 24,01 TO 03,68,New Generation,1983,62.5,265000,2019-10,0.0901673,3 ROOM
241,JURONG EAST ST 24,10 TO 12,68,New Generation,1983,62.42,267000,2019-10,0.0901673,3 ROOM
302,JURONG EAST ST 32,13 TO 15,68,New Generation,1983,63.25,270000,2019-10,0.0901673,3 ROOM
306,JURONG EAST ST 32,10 TO 12,68,New Generation,1983,62.92,270000,2019-10,0.0901673,3 ROOM
248,JURONG EAST ST 24,13 TO 15,67,New Generation,1983,62.42,271000,2019-10,0.0901673,3 ROOM
329,JURONG EAST AVE 1,10 TO 12,74,Model A,1983,62.67,275000,2019-10,0.0901673,3 ROOM
110,JURONG EAST ST 13,04 TO 06,68,New Generation,1982,61.42,278000,2019-10,0.0901673,3 ROOM
208,JURONG EAST ST 21,04 TO 06,67,New Generation,1982,62.17,290000,2019-10,0.0901673,3 ROOM
411,PANDAN GDNS,13 TO 15,86,Improved,1979,58.58,290000,2019-10,0.0901673,3 ROOM
101,JURONG EAST ST 13,07 TO 09,68,New Generation,1983,62.42,293888,2019-10,0.0901673,3 ROOM
210,JURONG EAST ST 21,07 TO 09,82,New Generation,1983,62.67,328000,2019-10,0.0901673,3 ROOM
35,TEBAN GDNS RD,04 TO 06,77,Improved,1977,56.67,237000,2019-11,0.0901673,3 ROOM
306,JURONG EAST ST 32,07 TO 09,70,New Generation,1983,62.83,243000,2019-11,0.0901673,3 ROOM
247,JURONG EAST ST 24,04 TO 06,68,New Generation,1983,62.58,250000,2019-11,0.0901673,3 ROOM
261,JURONG EAST ST 24,07 TO 09,68,New Generation,1983,62.33,258000,2019-11,0.0901673,3 ROOM
252,JURONG EAST ST 24,04 TO 06,67,New Generation,1985,64.58,265000,2019-11,0.0901673,3 ROOM
232,JURONG EAST ST 21,04 TO 06,82,New Generation,1982,61.25,270000,2019-11,0.0901673,3 ROOM
261,JURONG EAST ST 24,10 TO 12,67,New Generation,1983,62.33,275000,2019-11,0.0901673,3 ROOM
341,JURONG EAST AVE 1,01 TO 03,74,Model A,1983,62.42,260000,2019-12,0.0901673,3 ROOM
102,JURONG EAST ST 13,07 TO 09,68,New Generation,1982,61.42,320000,2019-12,0.0901673,3 ROOM
214,JURONG EAST ST 21,01 TO 03,82,New Generation,1983,62.33,290000,2019-12,0.0901673,3 ROOM
229,JURONG EAST ST 21,04 TO 06,67,New Generation,1981,60.5,238000,2019-12,0.0901673,3 ROOM
214,JURONG EAST ST 21,07 TO 09,67,New Generation,1983,62.25,260000,2019-12,0.0901673,3 ROOM
244,JURONG EAST ST 24,04 TO 06,68,New Generation,1983,62.33,256000,2019-12,0.0901673,3 ROOM
252,JURONG EAST ST 24,01 TO 03,67,New Generation,1985,64.5,266500,2019-12,0.0901673,3 ROOM
252,JURONG EAST ST 24,04 TO 06,67,New Generation,1985,64.5,265000,2019-12,0.0901673,3 ROOM
261,JURONG EAST ST 24,13 TO 15,68,New Generation,1983,62.25,260000,2019-12,0.0901673,3 ROOM
302,JURONG EAST ST 32,04 TO 06,84,New Generation,1983,63.08,315000,2019-12,0.0901673,3 ROOM
313,JURONG EAST ST 32,01 TO 03,74,Model A,1984,63.33,250000,2019-12,0.0901673,3 ROOM
20,TEBAN GDNS RD,37 TO 39,72,Model A,2013,92.75,373000,2019-12,0.0901673,3 ROOM
34,TEBAN GDNS RD,10 TO 12,77,Improved,1977,56.5,238000,2019-12,0.0901673,3 ROOM
20,TEBAN GDNS RD,01 TO 03,72,Model A,2013,92.75,300000,2019-12,0.0901673,3 ROOM
44,TEBAN GDNS RD,04 TO 06,68,New Generation,1985,64.92,236000,2019-12,0.0901673,3 ROOM
20,TEBAN GDNS RD,13 TO 15,72,Model A,2013,92.75,328000,2019-12,0.0901673,3 ROOM
250,JURONG EAST ST 24,10 TO 12,67,New Generation,1986,65.42,270000,2020-01,0.0901673,3 ROOM
253,JURONG EAST ST 24,01 TO 03,67,New Generation,1985,64.42,260000,2020-01,0.0901673,3 ROOM
244,JURONG EAST ST 24,10 TO 12,71,New Generation,1983,62.25,288000,2020-01,0.0901673,3 ROOM
245,JURONG EAST ST 24,04 TO 06,68,New Generation,1982,61.58,250000,2020-01,0.0901673,3 ROOM
302,JURONG EAST ST 32,04 TO 06,67,New Generation,1983,62.92,268000,2020-01,0.0901673,3 ROOM
20,TEBAN GDNS RD,34 TO 36,72,Model A,2013,92.75,355000,2020-01,0.0901673,3 ROOM
37,TEBAN GDNS RD,04 TO 06,67,Improved,1966,45.75,220000,2020-01,0.0901673,3 ROOM
233,JURONG EAST ST 21,04 TO 06,82,New Generation,1982,61.08,290000,2020-02,0.0901673,3 ROOM
264,JURONG EAST ST 24,04 TO 06,68,New Generation,1983,62.17,248000,2020-02,0.0901673,3 ROOM
257,JURONG EAST ST 24,10 TO 12,68,New Generation,1983,61.92,268000,2020-02,0.0901673,3 ROOM
321,JURONG EAST ST 31,07 TO 09,74,Model A,1984,63.83,310000,2020-02,0.0901673,3 ROOM
306,JURONG EAST ST 32,10 TO 12,68,New Generation,1983,62.58,260000,2020-02,0.0901673,3 ROOM
302,JURONG EAST ST 32,04 TO 06,68,New Generation,1983,62.83,245000,2020-02,0.0901673,3 ROOM
372,JURONG EAST ST 32,07 TO 09,64,Model A,2014,93,335000,2020-02,0.0901673,3 ROOM
416,PANDAN GDNS,01 TO 03,74,Improved,1982,61.17,233000,2020-02,0.0901673,3 ROOM
411,PANDAN GDNS,13 TO 15,86,Improved,1979,58.25,273000,2020-02,0.0901673,3 ROOM
44,TEBAN GDNS RD,10 TO 12,68,New Generation,1985,64.75,238000,2020-02,0.0901673,3 ROOM
34,TEBAN GDNS RD,04 TO 06,74,Improved,1977,56.33,250000,2020-02,0.0901673,3 ROOM
341,JURONG EAST AVE 1,10 TO 12,74,Model A,1983,62.17,260000,2020-03,0.0901673,3 ROOM
115,JURONG EAST ST 13,04 TO 06,82,New Generation,1981,60.17,320000,2020-03,0.0901673,3 ROOM
211,JURONG EAST ST 21,01 TO 03,67,New Generation,1983,62.08,268000,2020-03,0.0901673,3 ROOM
231,JURONG EAST ST 21,10 TO 12,67,New Generation,1981,60.25,285000,2020-03,0.0901673,3 ROOM
264,JURONG EAST ST 24,01 TO 03,68,New Generation,1983,62.17,240000,2020-03,0.0901673,3 ROOM
315,JURONG EAST ST 32,10 TO 12,74,Model A,1984,63.17,285000,2020-03,0.0901673,3 ROOM
306,JURONG EAST ST 32,04 TO 06,68,New Generation,1983,62.58,255000,2020-03,0.0901673,3 ROOM
372,JURONG EAST ST 32,07 TO 09,64,Model A,2014,92.92,317000,2020-03,0.0901673,3 ROOM
302,JURONG EAST ST 32,01 TO 03,68,New Generation,1983,62.75,250000,2020-03,0.0901673,3 ROOM
306,JURONG EAST ST 32,07 TO 09,68,New Generation,1983,62.5,269000,2020-03,0.0901673,3 ROOM
412,PANDAN GDNS,10 TO 12,72,Improved,1979,58.17,242000,2020-03,0.0901673,3 ROOM
47,TEBAN GDNS RD,04 TO 06,68,New Generation,1985,64.5,240000,2020-03,0.0901673,3 ROOM
38,TEBAN GDNS RD,04 TO 06,67,Improved,1966,45.58,210000,2020-03,0.0901673,3 ROOM
20,TEBAN GDNS RD,19 TO 21,72,Model A,2013,92.5,345000,2020-03,0.0901673,3 ROOM
301,JURONG EAST ST 32,04 TO 06,68,New Generation,1983,62,240000,2020-04,0.0901673,3 ROOM
330,JURONG EAST AVE 1,13 TO 15,74,Model A,1983,62.08,290000,2020-06,0.0901673,3 ROOM
231,JURONG EAST ST 21,07 TO 09,82,New Generation,1981,60.25,290000,2020-06,0.0901673,3 ROOM
207,JURONG EAST ST 21,04 TO 06,67,New Generation,1983,62,276500,2020-06,0.0901673,3 ROOM
208,JURONG EAST ST 21,07 TO 09,67,New Generation,1982,61.67,265000,2020-06,0.0901673,3 ROOM
207,JURONG EAST ST 21,01 TO 03,67,New Generation,1983,62,270000,2020-06,0.0901673,3 ROOM
207,JURONG EAST ST 21,04 TO 06,67,New Generation,1983,62,275000,2020-06,0.0901673,3 ROOM
210,JURONG EAST ST 21,07 TO 09,82,New Generation,1983,62.08,320000,2020-06,0.0901673,3 ROOM
215,JURONG EAST ST 21,04 TO 06,67,New Generation,1984,63.5,258000,2020-06,0.0901673,3 ROOM
233,JURONG EAST ST 21,04 TO 06,67,New Generation,1982,60.75,255000,2020-06,0.0901673,3 ROOM
259,JURONG EAST ST 24,04 TO 06,83,New Generation,1982,61.67,290000,2020-06,0.0901673,3 ROOM
261,JURONG EAST ST 24,01 TO 03,68,New Generation,1983,62,250000,2020-06,0.0901673,3 ROOM
241,JURONG EAST ST 24,04 TO 06,68,New Generation,1983,61.83,260000,2020-06,0.0901673,3 ROOM
262,JURONG EAST ST 24,01 TO 03,68,New Generation,1983,61.83,233000,2020-06,0.0901673,3 ROOM
257,JURONG EAST ST 24,04 TO 06,84,New Generation,1983,61.75,292000,2020-06,0.0901673,3 ROOM
247,JURONG EAST ST 24,04 TO 06,68,New Generation,1983,62.08,258000,2020-06,0.0901673,3 ROOM
241,JURONG EAST ST 24,07 TO 09,68,New Generation,1983,61.75,275000,2020-06,0.0901673,3 ROOM
253,JURONG EAST ST 24,01 TO 03,68,New Generation,1985,64.08,260000,2020-06,0.0901673,3 ROOM
372,JURONG EAST ST 32,01 TO 03,64,Model A,2014,92.83,335000,2020-06,0.0901673,3 ROOM
315,JURONG EAST ST 32,04 TO 06,74,Model A,1984,63,275000,2020-06,0.0901673,3 ROOM
411,PANDAN GDNS,04 TO 06,73,Improved,1979,58.17,255000,2020-06,0.0901673,3 ROOM
412,PANDAN GDNS,01 TO 03,72,Improved,1979,58.08,215000,2020-06,0.0901673,3 ROOM
415,PANDAN GDNS,01 TO 03,74,Improved,1982,61,220000,2020-06,0.0901673,3 ROOM
20,TEBAN GDNS RD,04 TO 06,72,Model A,2013,92.42,325000,2020-06,0.0901673,3 ROOM
36,TEBAN GDNS RD,10 TO 12,74,Improved,1977,56.17,255000,2020-06,0.0901673,3 ROOM
34,TEBAN GDNS RD,13 TO 15,74,Improved,1977,56.08,244000,2020-06,0.0901673,3 ROOM
33,TEBAN GDNS RD,01 TO 03,77,Improved,1977,56,223000,2020-06,0.0901673,3 ROOM
102,JURONG EAST ST 13,10 TO 12,68,New Generation,1982,60.83,323000,2020-07,0.0901673,3 ROOM
207,JURONG EAST ST 21,04 TO 06,67,New Generation,1983,61.83,315000,2020-07,0.0901673,3 ROOM
211,JURONG EAST ST 21,04 TO 06,67,New Generation,1983,61.83,280000,2020-07,0.0901673,3 ROOM
225A,JURONG EAST ST 21,04 TO 06,67,New Generation,1984,63.33,256000,2020-07,0.0901673,3 ROOM
244,JURONG EAST ST 24,13 TO 15,71,New Generation,1983,61.83,280000,2020-07,0.0901673,3 ROOM
252,JURONG EAST ST 24,01 TO 03,71,New Generation,1985,64,266000,2020-07,0.0901673,3 ROOM
253,JURONG EAST ST 24,04 TO 06,71,New Generation,1985,63.92,270000,2020-07,0.0901673,3 ROOM
245,JURONG EAST ST 24,07 TO 09,67,New Generation,1982,61.08,258000,2020-07,0.0901673,3 ROOM
249,JURONG EAST ST 24,10 TO 12,67,New Generation,1983,61.5,278000,2020-07,0.0901673,3 ROOM
372,JURONG EAST ST 32,13 TO 15,64,Model A,2014,92.58,345000,2020-07,0.0901673,3 ROOM
308,JURONG EAST ST 32,13 TO 15,74,Model A,1984,62.67,286000,2020-07,0.0901673,3 ROOM
302,JURONG EAST ST 32,10 TO 12,68,New Generation,1983,62.42,250000,2020-07,0.0901673,3 ROOM
410,PANDAN GDNS,04 TO 06,73,Improved,1979,57.92,260000,2020-07,0.0901673,3 ROOM
36,TEBAN GDNS RD,13 TO 15,74,Improved,1977,56,205000,2020-07,0.0901673,3 ROOM
23,TEBAN GDNS RD,10 TO 12,72,Model A,2013,92.25,330000,2020-07,0.0901673,3 ROOM
47,TEBAN GDNS RD,01 TO 03,68,New Generation,1985,64.17,245000,2020-07,0.0901673,3 ROOM
20,TEBAN GDNS RD,16 TO 18,72,Model A,2013,92.25,340000,2020-07,0.0901673,3 ROOM
35,TEBAN GDNS RD,10 TO 12,74,Improved,1977,55.92,270000,2020-07,0.0901673,3 ROOM
20,TEBAN GDNS RD,04 TO 06,72,Model A,2013,92.17,322000,2020-07,0.0901673,3 ROOM
23,TEBAN GDNS RD,37 TO 39,72,Model A,2013,92.17,380000,2020-07,0.0901673,3 ROOM
110,JURONG EAST ST 13,01 TO 03,68,New Generation,1982,60.58,275000,2020-08,0.0901673,3 ROOM
102,JURONG EAST ST 13,04 TO 06,68,New Generation,1982,60.75,328000,2020-08,0.0901673,3 ROOM
101,JURONG EAST ST 13,10 TO 12,68,New Generation,1983,61.58,355000,2020-08,0.0901673,3 ROOM
102,JURONG EAST ST 13,10 TO 12,68,New Generation,1982,60.75,320000,2020-08,0.0901673,3 ROOM
214,JURONG EAST ST 21,07 TO 09,67,New Generation,1983,61.67,280000,2020-08,0.0901673,3 ROOM
207,JURONG EAST ST 21,01 TO 03,67,New Generation,1983,61.67,273000,2020-08,0.0901673,3 ROOM
205,JURONG EAST ST 21,04 TO 06,67,New Generation,1983,61.75,290000,2020-08,0.0901673,3 ROOM
232,JURONG EAST ST 21,04 TO 06,67,New Generation,1982,60.5,265000,2020-08,0.0901673,3 ROOM
225A,JURONG EAST ST 21,10 TO 12,67,New Generation,1984,63.25,288000,2020-08,0.0901673,3 ROOM
264,JURONG EAST ST 24,10 TO 12,84,New Generation,1983,61.67,297000,2020-08,0.0901673,3 ROOM
245,JURONG EAST ST 24,04 TO 06,68,New Generation,1982,61,255500,2020-08,0.0901673,3 ROOM
264,JURONG EAST ST 24,10 TO 12,84,New Generation,1983,61.67,295000,2020-08,0.0901673,3 ROOM
261,JURONG EAST ST 24,01 TO 03,84,New Generation,1983,61.67,285000,2020-08,0.0901673,3 ROOM
252,JURONG EAST ST 24,04 TO 06,71,New Generation,1985,63.83,245000,2020-08,0.0901673,3 ROOM
318,JURONG EAST ST 31,01 TO 03,90,Model A,1984,62.83,318500,2020-08,0.0901673,3 ROOM
303,JURONG EAST ST 32,01 TO 03,67,New Generation,1983,62.08,265000,2020-08,0.0901673,3 ROOM
372,JURONG EAST ST 32,04 TO 06,64,Model A,2014,92.58,320000,2020-08,0.0901673,3 ROOM
308,JURONG EAST ST 32,10 TO 12,74,Model A,1984,62.67,286888,2020-08,0.0901673,3 ROOM
306,JURONG EAST ST 32,10 TO 12,68,New Generation,1983,62.08,310000,2020-08,0.0901673,3 ROOM
308,JURONG EAST ST 32,01 TO 03,74,Model A,1984,62.58,275000,2020-08,0.0901673,3 ROOM
411,PANDAN GDNS,04 TO 06,72,Improved,1979,57.75,235000,2020-08,0.0901673,3 ROOM
20,TEBAN GDNS RD,34 TO 36,72,Model A,2013,92.17,361000,2020-08,0.0901673,3 ROOM
57,TEBAN GDNS RD,25 TO 27,67,Model A,2016,95.33,370000,2020-08,0.0901673,3 ROOM
39,TEBAN GDNS RD,04 TO 06,67,Improved,1966,45.33,228000,2020-08,0.0901673,3 ROOM
35,TEBAN GDNS RD,01 TO 03,77,Improved,1977,55.83,250000,2020-08,0.0901673,3 ROOM
101,JURONG EAST ST 13,10 TO 12,68,New Generation,1983,61.5,333000,2020-09,0.0901673,3 ROOM
110,JURONG EAST ST 13,07 TO 09,68,New Generation,1982,60.5,280000,2020-09,0.0901673,3 ROOM
229,JURONG EAST ST 21,01 TO 03,82,New Generation,1981,59.75,285000,2020-09,0.0901673,3 ROOM
210,JURONG EAST ST 21,07 TO 09,67,New Generation,1983,61.75,285000,2020-09,0.0901673,3 ROOM
249,JURONG EAST ST 24,04 TO 06,67,New Generation,1983,61.42,282000,2020-09,0.0901673,3 ROOM
248,JURONG EAST ST 24,07 TO 09,82,New Generation,1983,61.58,335000,2020-09,0.0901673,3 ROOM
249,JURONG EAST ST 24,04 TO 06,67,New Generation,1983,61.33,275000,2020-09,0.0901673,3 ROOM
247,JURONG EAST ST 24,10 TO 12,68,New Generation,1983,61.75,278000,2020-09,0.0901673,3 ROOM
302,JURONG EAST ST 32,04 TO 06,68,New Generation,1983,62.25,251100,2020-09,0.0901673,3 ROOM
410,PANDAN GDNS,10 TO 12,72,Improved,1979,57.75,245000,2020-09,0.0901673,3 ROOM
410,PANDAN GDNS,01 TO 03,72,Improved,1979,57.67,220000,2020-09,0.0901673,3 ROOM
101,JURONG EAST ST 13,04 TO 06,68,New Generation,1983,61.42,305000,2020-10,0.0901673,3 ROOM
110,JURONG EAST ST 13,04 TO 06,68,New Generation,1982,60.42,280000,2020-10,0.0901673,3 ROOM
214,JURONG EAST ST 21,04 TO 06,67,New Generation,1983,61.42,286000,2020-10,0.0901673,3 ROOM
249,JURONG EAST ST 24,01 TO 03,67,New Generation,1983,61.25,272000,2020-10,0.0901673,3 ROOM
250,JURONG EAST ST 24,10 TO 12,67,New Generation,1986,64.67,280000,2020-10,0.0901673,3 ROOM
241,JURONG EAST ST 24,10 TO 12,68,New Generation,1983,61.33,302000,2020-10,0.0901673,3 ROOM
248,JURONG EAST ST 24,07 TO 09,67,New Generation,1983,61.42,293000,2020-10,0.0901673,3 ROOM
244,JURONG EAST ST 24,10 TO 12,71,New Generation,1983,61.5,295000,2020-10,0.0901673,3 ROOM
371,JURONG EAST ST 32,07 TO 09,64,Model A,2014,92.33,360000,2020-10,0.0901673,3 ROOM
306,JURONG EAST ST 32,04 TO 06,68,New Generation,1983,61.92,280000,2020-10,0.0901673,3 ROOM
411,PANDAN GDNS,01 TO 03,72,Improved,1979,57.67,234000,2020-10,0.0901673,3 ROOM
55,TEBAN GDNS RD,22 TO 24,67,Model A,2016,95.17,380000,2020-10,0.0901673,3 ROOM